{
  "model_name": "Foreign_ruRoberta",
  "mmd": 0.059149980545043945,
  "wasserstein": {
    "wasserstein_mean": 0.00968791866713256,
    "wasserstein_std": 0.0057443244094466835,
    "wasserstein_max": 0.030792098283297945
  },
  "cosine_similarity": {
    "cross_cosine_mean": "0.3470671",
    "cross_cosine_std": "0.17305054",
    "within_X_cosine_mean": "0.49105528",
    "within_Y_cosine_mean": "0.31245792"
  },
  "centroid_distance": 0.338146448135376,
  "source_samples": 43410,
  "target_samples": 20162,
  "svm_results": {
    "CS_SVM": {
      "f1_micro": 0.36836584854206,
      "f1_macro": 0.31125428239024033,
      "accuracy": 0.07030936118923263,
      "precision_at_1": 0.4491763760546404,
      "recall_at_1": 0.2985938127762154,
      "f1_at_1": 0.3587232781902093,
      "map_at_1": 0.4491763760546404,
      "ndcg_at_1": 0.4491763760546404,
      "hit_rate_at_1": 0.4491763760546404,
      "precision_at_3": 0.30253113700281237,
      "recall_at_3": 0.5705571179858042,
      "f1_at_3": 0.3954039987207104,
      "map_at_3": 0.4451921789205839,
      "ndcg_at_3": 0.5087720021282002,
      "hit_rate_at_3": 0.7271996785857774,
      "precision_at_5": 0.24258738449176373,
      "recall_at_5": 0.7478103656086782,
      "f1_at_5": 0.36633637479576475,
      "map_at_5": 0.4987529574572564,
      "ndcg_at_5": 0.5891793542401399,
      "hit_rate_at_5": 0.8690237042989152,
      "precision_at_10": 0.16773804740859782,
      "recall_at_10": 1.0,
      "f1_at_10": 0.2872871150868742,
      "map_at_10": 0.5557323307207799,
      "ndcg_at_10": 0.6848732473151549,
      "hit_rate_at_10": 1.0
    },
    "LinearSVC_C0.1": {
      "f1_micro": 0.32715168806466954,
      "f1_macro": 0.23907893191988325,
      "accuracy": 0.15950180795500202,
      "precision_at_1": 0.5090397750100442,
      "recall_at_1": 0.35411142359716086,
      "f1_at_1": 0.4176714338976776,
      "map_at_1": 0.5090397750100442,
      "ndcg_at_1": 0.5090397750100442,
      "hit_rate_at_1": 0.5090397750100442,
      "precision_at_3": 0.3215481451720905,
      "recall_at_3": 0.6224789071916432,
      "f1_at_3": 0.4240491573097468,
      "map_at_3": 0.5039283960537476,
      "ndcg_at_3": 0.5673053182554061,
      "hit_rate_at_3": 0.7858577742065086,
      "precision_at_5": 0.2515066291683407,
      "recall_at_5": 0.7838087585375653,
      "f1_at_5": 0.3808174805731816,
      "map_at_5": 0.5551032319985715,
      "ndcg_at_5": 0.6410436065496703,
      "hit_rate_at_5": 0.898754519887505,
      "precision_at_10": 0.16773804740859782,
      "recall_at_10": 1.0,
      "f1_at_10": 0.2872871150868742,
      "map_at_10": 0.6088979711790077,
      "ndcg_at_10": 0.7261666059841491,
      "hit_rate_at_10": 1.0
    },
    "LinearSVC_C1.0": {
      "f1_micro": 0.32930981120396163,
      "f1_macro": 0.24202953701185143,
      "accuracy": 0.15548413017276014,
      "precision_at_1": 0.49819204499799113,
      "recall_at_1": 0.3470603990893264,
      "f1_at_1": 0.40911500740308776,
      "map_at_1": 0.49819204499799113,
      "ndcg_at_1": 0.49819204499799113,
      "hit_rate_at_1": 0.49819204499799113,
      "precision_at_3": 0.3195393062809696,
      "recall_at_3": 0.6189299584839962,
      "f1_at_3": 0.4214787995641316,
      "map_at_3": 0.49774563635551977,
      "ndcg_at_3": 0.5616166405797901,
      "hit_rate_at_3": 0.7838489353153877,
      "precision_at_5": 0.251345922057051,
      "recall_at_5": 0.7841435650194187,
      "f1_at_5": 0.3806726960239123,
      "map_at_5": 0.5499622784697112,
      "ndcg_at_5": 0.6370563636658221,
      "hit_rate_at_5": 0.8991562876657292,
      "precision_at_10": 0.16773804740859782,
      "recall_at_10": 1.0,
      "f1_at_10": 0.2872871150868742,
      "map_at_10": 0.6036267619855405,
      "ndcg_at_10": 0.722054215953401,
      "hit_rate_at_10": 1.0
    },
    "SGD_hinge": {
      "f1_micro": 0.26648209032704623,
      "f1_macro": 0.15003001658627063,
      "accuracy": 0.12173563680192849,
      "precision_at_1": 0.4471675371635195,
      "recall_at_1": 0.3059059863398955,
      "f1_at_1": 0.36328783909123324,
      "map_at_1": 0.4471675371635195,
      "ndcg_at_1": 0.4471675371635195,
      "hit_rate_at_1": 0.4471675371635195,
      "precision_at_3": 0.29878130440605327,
      "recall_at_3": 0.5685147984464979,
      "f1_at_3": 0.3917038079505062,
      "map_at_3": 0.45034819874112764,
      "ndcg_at_3": 0.5125165636290094,
      "hit_rate_at_3": 0.7324226597026918,
      "precision_at_5": 0.2611490558457212,
      "recall_at_5": 0.8063546270255793,
      "f1_at_5": 0.394525570081703,
      "map_at_5": 0.5239764965849739,
      "ndcg_at_5": 0.6204183687928077,
      "hit_rate_at_5": 0.905182804339092,
      "precision_at_10": 0.16773804740859782,
      "recall_at_10": 1.0,
      "f1_at_10": 0.2872871150868742,
      "map_at_10": 0.5727635405307161,
      "ndcg_at_10": 0.6967617759535482,
      "hit_rate_at_10": 1.0
    },
    "SGD_log": {
      "f1_micro": 0.25217089267106635,
      "f1_macro": 0.14273342255367388,
      "accuracy": 0.11289674568099639,
      "precision_at_1": 0.4182402571313781,
      "recall_at_1": 0.28928619258068833,
      "f1_at_1": 0.34201161417708914,
      "map_at_1": 0.4182402571313781,
      "ndcg_at_1": 0.4182402571313781,
      "hit_rate_at_1": 0.4182402571313781,
      "precision_at_3": 0.29462970403107,
      "recall_at_3": 0.5679991964644435,
      "f1_at_3": 0.38799867486024475,
      "map_at_3": 0.44189991518235794,
      "ndcg_at_3": 0.5022904945160283,
      "hit_rate_at_3": 0.7127360385697067,
      "precision_at_5": 0.26139011651265576,
      "recall_at_5": 0.8069237980447301,
      "f1_at_5": 0.3948687791362035,
      "map_at_5": 0.5153672827105932,
      "ndcg_at_5": 0.612286671287184,
      "hit_rate_at_5": 0.9047810365608678,
      "precision_at_10": 0.16773804740859782,
      "recall_at_10": 1.0,
      "f1_at_10": 0.2872871150868742,
      "map_at_10": 0.5639241870579758,
      "ndcg_at_10": 0.6883855007799535,
      "hit_rate_at_10": 1.0
    }
  }
}