{
  "model_name": "My_LoRA_Ark2016",
  "mmd": 0.01691877841949463,
  "wasserstein": {
    "wasserstein_mean": 0.005798218809716644,
    "wasserstein_std": 0.004037604330268306,
    "wasserstein_max": 0.018664232102386213
  },
  "cosine_similarity": {
    "cross_cosine_mean": "0.18190207",
    "cross_cosine_std": "0.13049772",
    "within_X_cosine_mean": "0.1990702",
    "within_Y_cosine_mean": "0.20864655"
  },
  "centroid_distance": 0.20824719965457916,
  "source_samples": 43410,
  "target_samples": 20162,
  "svm_results": {
    "CS_SVM": {
      "f1_micro": 0.39711399711399714,
      "f1_macro": 0.285028554985136,
      "accuracy": 0.06347930895942146,
      "precision_at_1": 0.46605062274005626,
      "recall_at_1": 0.3142359716084103,
      "f1_at_1": 0.3753745644642551,
      "map_at_1": 0.46605062274005626,
      "ndcg_at_1": 0.46605062274005626,
      "hit_rate_at_1": 0.46605062274005626,
      "precision_at_3": 0.31029864738181334,
      "recall_at_3": 0.5878867014865408,
      "f1_at_3": 0.4061977820387863,
      "map_at_3": 0.4639971429846882,
      "ndcg_at_3": 0.5281727203788819,
      "hit_rate_at_3": 0.7509039775010045,
      "precision_at_5": 0.2470068300522298,
      "recall_at_5": 0.7622673094951118,
      "f1_at_5": 0.3731101875953648,
      "map_at_5": 0.51773302531137,
      "ndcg_at_5": 0.6074466979943635,
      "hit_rate_at_5": 0.8802732020891925,
      "precision_at_10": 0.16773804740859782,
      "recall_at_10": 1.0,
      "f1_at_10": 0.2872871150868742,
      "map_at_10": 0.5736346139946984,
      "ndcg_at_10": 0.6988042899672396,
      "hit_rate_at_10": 1.0
    },
    "LinearSVC_C0.1": {
      "f1_micro": 0.31861244716513626,
      "f1_macro": 0.21172260309616292,
      "accuracy": 0.13459220570510244,
      "precision_at_1": 0.44234632382482925,
      "recall_at_1": 0.3032275344850676,
      "f1_at_1": 0.35980763989229,
      "map_at_1": 0.44234632382482925,
      "ndcg_at_1": 0.44234632382482925,
      "hit_rate_at_1": 0.44234632382482925,
      "precision_at_3": 0.2718628632650328,
      "recall_at_3": 0.5226396143029328,
      "f1_at_3": 0.3576736536683057,
      "map_at_3": 0.42267086290790584,
      "ndcg_at_3": 0.4805851801191505,
      "hit_rate_at_3": 0.687424668541583,
      "precision_at_5": 0.22016874246685417,
      "recall_at_5": 0.686942547207714,
      "f1_at_5": 0.33346134809976724,
      "map_at_5": 0.4709072139636623,
      "ndcg_at_5": 0.5552953098486788,
      "hit_rate_at_5": 0.8304539975893933,
      "precision_at_10": 0.16773804740859782,
      "recall_at_10": 1.0,
      "f1_at_10": 0.2872871150868742,
      "map_at_10": 0.5380310376237455,
      "ndcg_at_10": 0.672246395716616,
      "hit_rate_at_10": 1.0
    },
    "LinearSVC_C1.0": {
      "f1_micro": 0.32432432432432434,
      "f1_macro": 0.2179471651698083,
      "accuracy": 0.13338690237042988,
      "precision_at_1": 0.4435516271595018,
      "recall_at_1": 0.30538368822820405,
      "f1_at_1": 0.3617226455704493,
      "map_at_1": 0.4435516271595018,
      "ndcg_at_1": 0.4435516271595018,
      "hit_rate_at_1": 0.4435516271595018,
      "precision_at_3": 0.2683808758537565,
      "recall_at_3": 0.5175639480380341,
      "f1_at_3": 0.35347078182144787,
      "map_at_3": 0.41937859916968,
      "ndcg_at_3": 0.47725584388423425,
      "hit_rate_at_3": 0.6846122940940137,
      "precision_at_5": 0.2184813177983126,
      "recall_at_5": 0.6810164724789071,
      "f1_at_5": 0.33082766396500857,
      "map_at_5": 0.46744486853265477,
      "ndcg_at_5": 0.5515438635399422,
      "hit_rate_at_5": 0.8248292486942547,
      "precision_at_10": 0.16773804740859782,
      "recall_at_10": 1.0,
      "f1_at_10": 0.2872871150868742,
      "map_at_10": 0.5352401253345408,
      "ndcg_at_10": 0.6703233862544461,
      "hit_rate_at_10": 1.0
    },
    "SGD_hinge": {
      "f1_micro": 0.29653984656333177,
      "f1_macro": 0.19120934711291998,
      "accuracy": 0.1337886701486541,
      "precision_at_1": 0.42346323824829246,
      "recall_at_1": 0.2891723583768582,
      "f1_at_1": 0.34366473937049585,
      "map_at_1": 0.42346323824829246,
      "ndcg_at_1": 0.42346323824829246,
      "hit_rate_at_1": 0.42346323824829246,
      "precision_at_3": 0.3101647247890719,
      "recall_at_3": 0.5958417034953796,
      "f1_at_3": 0.4079641649616932,
      "map_at_3": 0.4535846613990447,
      "ndcg_at_3": 0.5200936777181034,
      "hit_rate_at_3": 0.7484933708316593,
      "precision_at_5": 0.25110486139011656,
      "recall_at_5": 0.7769519217892059,
      "f1_at_5": 0.3795440248432908,
      "map_at_5": 0.5113725949734388,
      "ndcg_at_5": 0.6037406062231986,
      "hit_rate_at_5": 0.8826838087585376,
      "precision_at_10": 0.16773804740859782,
      "recall_at_10": 1.0,
      "f1_at_10": 0.2872871150868742,
      "map_at_10": 0.5638747685583764,
      "ndcg_at_10": 0.6899161131656877,
      "hit_rate_at_10": 1.0
    },
    "SGD_log": {
      "f1_micro": 0.29458097038437303,
      "f1_macro": 0.18997801587589888,
      "accuracy": 0.13338690237042988,
      "precision_at_1": 0.42346323824829246,
      "recall_at_1": 0.28964108745145306,
      "f1_at_1": 0.34399553726334364,
      "map_at_1": 0.42346323824829246,
      "ndcg_at_1": 0.42346323824829246,
      "hit_rate_at_1": 0.42346323824829246,
      "precision_at_3": 0.3101647247890719,
      "recall_at_3": 0.5961899022365073,
      "f1_at_3": 0.408045750383732,
      "map_at_3": 0.4536739431275389,
      "ndcg_at_3": 0.5203163180043893,
      "hit_rate_at_3": 0.7496986741663318,
      "precision_at_5": 0.25142627561269587,
      "recall_at_5": 0.7786594348466587,
      "f1_at_5": 0.3801148577954319,
      "map_at_5": 0.5119931029864738,
      "ndcg_at_5": 0.6046747394046639,
      "hit_rate_at_5": 0.8846926476496585,
      "precision_at_10": 0.16773804740859782,
      "recall_at_10": 1.0,
      "f1_at_10": 0.2872871150868742,
      "map_at_10": 0.5641040711405315,
      "ndcg_at_10": 0.6902062457056013,
      "hit_rate_at_10": 1.0
    }
  },
  "lora_direct_metrics": {
    "f1_micro": 0.3253898205354516,
    "f1_macro": 0.23172065688070295,
    "accuracy": 0.13941341904379267,
    "precision_at_1": 0.4708718360787465,
    "recall_at_1": 0.32056381411544127,
    "f1_at_1": 0.3814447117612351,
    "map_at_1": 0.4708718360787465,
    "ndcg_at_1": 0.4708718360787465,
    "hit_rate_at_1": 0.4708718360787465,
    "precision_at_3": 0.3157894736842105,
    "recall_at_3": 0.602504352484264,
    "f1_at_3": 0.4143870446288832,
    "map_at_3": 0.47719967858577744,
    "ndcg_at_3": 0.5404326748480313,
    "hit_rate_at_3": 0.7557251908396947,
    "precision_at_5": 0.25271193250301327,
    "recall_at_5": 0.7817128699611625,
    "f1_at_5": 0.38194786041434575,
    "map_at_5": 0.5325065845274765,
    "ndcg_at_5": 0.6222330073229115,
    "hit_rate_at_5": 0.8927280032141423
  }
}