{
  "Baseline_ruBert": {
    "model_name": "Baseline_ruBert",
    "mmd": 0.18899202346801758,
    "wasserstein": {
      "wasserstein_mean": 0.016210118351009543,
      "wasserstein_std": 0.013701964092990107,
      "wasserstein_max": 0.07699154350166626
    },
    "cosine_similarity": {
      "cross_cosine_mean": "0.3041296",
      "cross_cosine_std": "0.18304832",
      "within_X_cosine_mean": "0.57252383",
      "within_Y_cosine_mean": "0.397406"
    },
    "centroid_distance": 0.6108534336090088,
    "source_samples": 43410,
    "target_samples": 20162,
    "svm_results": {
      "CS_SVM": {
        "f1_micro": 0.015194681861348529,
        "f1_macro": 0.008050314465408805,
        "accuracy": 0.008437123342707915,
        "precision_at_1": 0.3073523503415026,
        "recall_at_1": 0.20510914691308424,
        "f1_at_1": 0.2460312773467109,
        "map_at_1": 0.3073523503415026,
        "ndcg_at_1": 0.3073523503415026,
        "hit_rate_at_1": 0.3073523503415026,
        "precision_at_3": 0.23570376322485606,
        "recall_at_3": 0.44401366010445964,
        "f1_at_3": 0.3079388199209327,
        "map_at_3": 0.3264028391589662,
        "ndcg_at_3": 0.38414448582693145,
        "hit_rate_at_3": 0.5982322217758136,
        "precision_at_5": 0.2139815186822017,
        "recall_at_5": 0.6588455872505691,
        "f1_at_5": 0.3230439989287014,
        "map_at_5": 0.3887518414356502,
        "ndcg_at_5": 0.48213067481898064,
        "hit_rate_at_5": 0.7942948975492166,
        "precision_at_10": 0.16773804740859782,
        "recall_at_10": 1.0,
        "f1_at_10": 0.2872871150868742,
        "map_at_10": 0.46680890362037414,
        "ndcg_at_10": 0.6140644465243393,
        "hit_rate_at_10": 1.0
      },
      "LinearSVC_C0.1": {
        "f1_micro": 0.28058361391694725,
        "f1_macro": 0.143829200778225,
        "accuracy": 0.1036560867818401,
        "precision_at_1": 0.3893129770992366,
        "recall_at_1": 0.2649122807017544,
        "f1_at_1": 0.3152852551636609,
        "map_at_1": 0.3893129770992366,
        "ndcg_at_1": 0.3893129770992366,
        "hit_rate_at_1": 0.3893129770992366,
        "precision_at_3": 0.2824427480916031,
        "recall_at_3": 0.5458483996250167,
        "f1_at_3": 0.37226263363191037,
        "map_at_3": 0.4108187134502924,
        "ndcg_at_3": 0.4748515416300399,
        "hit_rate_at_3": 0.6998794696665327,
        "precision_at_5": 0.24057854560064282,
        "recall_at_5": 0.7444823891790545,
        "f1_at_5": 0.36364550474036356,
        "map_at_5": 0.4714421231195035,
        "ndcg_at_5": 0.5665838753506535,
        "hit_rate_at_5": 0.8666130976295701,
        "precision_at_10": 0.16773804740859782,
        "recall_at_10": 1.0,
        "f1_at_10": 0.2872871150868742,
        "map_at_10": 0.5326761826108953,
        "ndcg_at_10": 0.665913033334578,
        "hit_rate_at_10": 1.0
      },
      "LinearSVC_C1.0": {
        "f1_micro": 0.28815340162857894,
        "f1_macro": 0.15520870325889588,
        "accuracy": 0.08999598232221775,
        "precision_at_1": 0.3756528726396143,
        "recall_at_1": 0.25610687022900763,
        "f1_at_1": 0.3045692055888863,
        "map_at_1": 0.3756528726396143,
        "ndcg_at_1": 0.3756528726396143,
        "hit_rate_at_1": 0.3756528726396143,
        "precision_at_3": 0.2804339092004821,
        "recall_at_3": 0.5418976831391455,
        "f1_at_3": 0.3695990451662758,
        "map_at_3": 0.4044350698629525,
        "ndcg_at_3": 0.46833958765048894,
        "hit_rate_at_3": 0.6942547207713942,
        "precision_at_5": 0.2400964242667738,
        "recall_at_5": 0.7445359582161512,
        "f1_at_5": 0.3631008374007727,
        "map_at_5": 0.4658351189679033,
        "ndcg_at_5": 0.5618066868606589,
        "hit_rate_at_5": 0.8666130976295701,
        "precision_at_10": 0.16773804740859782,
        "recall_at_10": 1.0,
        "f1_at_10": 0.2872871150868742,
        "map_at_10": 0.5273112754320066,
        "ndcg_at_10": 0.6613636195144584,
        "hit_rate_at_10": 1.0
      },
      "SGD_hinge": {
        "f1_micro": 0.2427911422654134,
        "f1_macro": 0.13889713981298907,
        "accuracy": 0.09120128565689031,
        "precision_at_1": 0.39815186822016874,
        "recall_at_1": 0.2707178250970939,
        "f1_at_1": 0.32229538548335057,
        "map_at_1": 0.39815186822016874,
        "ndcg_at_1": 0.39815186822016874,
        "hit_rate_at_1": 0.39815186822016874,
        "precision_at_3": 0.2868621936520691,
        "recall_at_3": 0.5505825632784251,
        "f1_at_3": 0.3771981867019723,
        "map_at_3": 0.4174144011428061,
        "ndcg_at_3": 0.4817672874080029,
        "hit_rate_at_3": 0.7123342707914825,
        "precision_at_5": 0.2334270791482523,
        "recall_at_5": 0.7205839025043524,
        "f1_at_5": 0.35262444327729975,
        "map_at_5": 0.47320298200973165,
        "ndcg_at_5": 0.5615634313277044,
        "hit_rate_at_5": 0.8376858175974287,
        "precision_at_10": 0.16773804740859782,
        "recall_at_10": 1.0,
        "f1_at_10": 0.2872871150868742,
        "map_at_10": 0.5392961065726232,
        "ndcg_at_10": 0.6706246156861754,
        "hit_rate_at_10": 1.0
      },
      "SGD_log": {
        "f1_micro": 0.2537661127504271,
        "f1_macro": 0.1491851599874884,
        "accuracy": 0.09079951787866614,
        "precision_at_1": 0.39453595821615106,
        "recall_at_1": 0.2703830186152404,
        "f1_at_1": 0.3208686382906165,
        "map_at_1": 0.39453595821615106,
        "ndcg_at_1": 0.39453595821615106,
        "hit_rate_at_1": 0.39453595821615106,
        "precision_at_3": 0.28110352216418916,
        "recall_at_3": 0.5417637605464041,
        "f1_at_3": 0.3701488793401751,
        "map_at_3": 0.41268246953261006,
        "ndcg_at_3": 0.4744409105227208,
        "hit_rate_at_3": 0.6906388107673764,
        "precision_at_5": 0.23382884692647649,
        "recall_at_5": 0.7223918575063613,
        "f1_at_5": 0.35329930482937405,
        "map_at_5": 0.47089337529574565,
        "ndcg_at_5": 0.5597723696727768,
        "hit_rate_at_5": 0.8396946564885496,
        "precision_at_10": 0.16773804740859782,
        "recall_at_10": 1.0,
        "f1_at_10": 0.2872871150868742,
        "map_at_10": 0.5363549512032838,
        "ndcg_at_10": 0.6680219335264156,
        "hit_rate_at_10": 1.0
      }
    }
  },
  "Foreign_ruRoberta": {
    "model_name": "Foreign_ruRoberta",
    "mmd": 0.059149980545043945,
    "wasserstein": {
      "wasserstein_mean": 0.00968791866713256,
      "wasserstein_std": 0.0057443244094466835,
      "wasserstein_max": 0.030792098283297945
    },
    "cosine_similarity": {
      "cross_cosine_mean": "0.3470671",
      "cross_cosine_std": "0.17305054",
      "within_X_cosine_mean": "0.49105528",
      "within_Y_cosine_mean": "0.31245792"
    },
    "centroid_distance": 0.338146448135376,
    "source_samples": 43410,
    "target_samples": 20162,
    "svm_results": {
      "CS_SVM": {
        "f1_micro": 0.36836584854206,
        "f1_macro": 0.31125428239024033,
        "accuracy": 0.07030936118923263,
        "precision_at_1": 0.4491763760546404,
        "recall_at_1": 0.2985938127762154,
        "f1_at_1": 0.3587232781902093,
        "map_at_1": 0.4491763760546404,
        "ndcg_at_1": 0.4491763760546404,
        "hit_rate_at_1": 0.4491763760546404,
        "precision_at_3": 0.30253113700281237,
        "recall_at_3": 0.5705571179858042,
        "f1_at_3": 0.3954039987207104,
        "map_at_3": 0.4451921789205839,
        "ndcg_at_3": 0.5087720021282002,
        "hit_rate_at_3": 0.7271996785857774,
        "precision_at_5": 0.24258738449176373,
        "recall_at_5": 0.7478103656086782,
        "f1_at_5": 0.36633637479576475,
        "map_at_5": 0.4987529574572564,
        "ndcg_at_5": 0.5891793542401399,
        "hit_rate_at_5": 0.8690237042989152,
        "precision_at_10": 0.16773804740859782,
        "recall_at_10": 1.0,
        "f1_at_10": 0.2872871150868742,
        "map_at_10": 0.5557323307207799,